"6","6",,"aaaa","aaaaaaaaaa","aaaaaaaaaa","aaaaaaaaaa","aaaaaaaaaa","aaaaaaaaaa"
"7","chloé",,"toto@gmail.com","aaaaaaaaa","aaaaaaaaa","aaaaaaaaa","aaaaaaaaa","aaaaaaaaa"
"8","aaaaaa",,"aaaaaaaa","aaaaaa","aaaaaa","aaaaaa","aaaaaa","aaaaaa"
"9","test",,"tes@test.te","tesdfghjj","test","test","test","test"
"11","test1",,"test@1.fr","111111111","test1","tes1","tes1","test1"
"12","Dupont","kevin","moh@gmail.com","moh123456","0698765487","35 Boulevard Perrier","92000","nanterre"
"13","sarah","sarah","sarah@homail.com","sarah12345","123456789","paris","75000","paris"
"14","lilya","lil","lilya@hotmail.fr","jojo1995","0528781","hjdddd","25220","khkdh"
"15","aaaaaa","aaaaaaaa","sarah@hotmail.com","sarah12345","4444444444444","aaaaaaaaaa","44444","aaaaaaa"
"16","ttttttttttt","tttttttttt","aaaaa@aaa.de","aaaaaaaaaa","1111111111111111","aaaaaaaaaa","11111","vvvvvvvvv"
"19","test","test","marouane@gmail.com","marouane","0254665555","25 ruee macchin","25645","nanterre"
"20","866f1ed8029cfca886ce75f0369d2ca4","86b86014d1f8ca4f6054db174be70841","5172a0a3c959380bc6a35c3e04368ecf","25f9e794323b453885f5181f1b624d0b","c50cf825edcf3abd03067d4a5db4f3c3","bdd6a4f64a56c85fbeca5dfb638f6d8e","800c3c33154bab83b2e4f4605a4beac0","ccbee73cd81c7f42405e1920409247ec"
"21","098f6bcd4621d373cade4e832627b4f6","098f6bcd4621d373cade4e832627b4f6","70b03db954aa45fc2559e85f5d5bd13e","05a671c66aefea124cc08b76ea6d30bb","09a0e89044e38f0b44e13f59f52b578e","27dcc5f4f73402b7fc669c23b4609887","b8312d2dab7e91fdef84f67e30941224","2f64b2a5f8e7d0002c36d844e72df895"
"22","098f6bcd4621d373cade4e832627b4f6","098f6bcd4621d373cade4e832627b4f6","316a26014c6e203f76d222f326462753","05a671c66aefea124cc08b76ea6d30bb","09a0e89044e38f0b44e13f59f52b578e","27dcc5f4f73402b7fc669c23b4609887","b8312d2dab7e91fdef84f67e30941224","2f64b2a5f8e7d0002c36d844e72df895"
"23","098f6bcd4621d373cade4e832627b4f6","098f6bcd4621d373cade4e832627b4f6","631577fc0428c1dbc6176a3ca5935f77","05a671c66aefea124cc08b76ea6d30bb","09a0e89044e38f0b44e13f59f52b578e","27dcc5f4f73402b7fc669c23b4609887","b8312d2dab7e91fdef84f67e30941224","2f64b2a5f8e7d0002c36d844e72df895"
"26","test","test","l@gmail.com","05a671c66aefea124cc08b76ea6d30bb","05854562","14 rue 455kfkf","75014","paris
"
"28","tott","chloé","toto@gmail.com","25f9e794323b453885f5181f1b624d0b","0595256535",,,"KKJDKJD"
"29","dubois","francois","franc@gmail.com","25f9e794323b453885f5181f1b624d0b","062535148","1 rue de la fontaine","75012","paris"
"30","Dupond","Kevin","dupont@gmail.com","25f9e794323b453885f5181f1b624d0b","0698768734","13 Boulevard Perrier","92000","Nanterre"
"31","Nek","nekini","nek@gmail.com","b83ad96560fc732cdae64d4394e962d4","0652562565","13 rue test","92500","nanterre"
"32","neki","neki","neki@gmail.com","b83ad96560fc732cdae64d4394e962d4","06525352514","13 eeeeee","75024","paris"
"33","marc","Test","marc@gmail.com","b0d4b5c947206664901b1f4ad1e8efcb","0987766667","Paris","75013","Pariq"
